class,feature,mean,std,min,max,median,n_sections
VEGETATED_DUNES,red_mean,161.25301574929125,18.31689477269167,140.06,206.36666666666667,161.69408831908834,20
VEGETATED_DUNES,red_std,25.368223695948586,8.168318066798548,9.460385239983035,40.50085647242537,24.253261972966946,20
VEGETATED_DUNES,red_min,124.55,21.114911169223767,95.0,176.0,122.0,20
VEGETATED_DUNES,red_max,218.25,12.421861035245378,188.0,234.0,222.0,20
VEGETATED_DUNES,red_median,154.625,22.07038680413668,123.5,209.0,156.75,20
VEGETATED_DUNES,red_q25,142.4,22.424786568250298,109.25,201.0,141.375,20
VEGETATED_DUNES,red_q75,176.1375,20.132697122369187,142.75,213.0,174.375,20
VEGETATED_DUNES,red_iqr,33.7375,12.671579004752493,12.0,58.5,33.375,20
VEGETATED_DUNES,red_cv,0.16252458861014935,0.06295156528394154,0.04584260332730634,0.2853680216480312,0.155748850403442,20
VEGETATED_DUNES,red_range,93.7,25.141913003462648,48.0,134.0,93.0,20
VEGETATED_DUNES,red_skew,0.5778854191972855,0.5916444049048831,-0.9767772527169618,1.7749048076755374,0.6081441153275844,20
VEGETATED_DUNES,red_kurtosis,-0.2991397712291802,0.9238195912332693,-1.364268805801032,2.152953389518128,-0.5412247525227802,20
VEGETATED_DUNES,green_mean,152.21015741336194,20.671020202779147,128.6,203.76666666666668,153.12685185185185,20
VEGETATED_DUNES,green_std,28.09659528722189,9.346225199877297,10.559934764108263,45.93630780765907,27.156509381678628,20
VEGETATED_DUNES,green_min,113.4,21.93627133311402,78.0,171.0,112.5,20
VEGETATED_DUNES,green_max,215.75,13.852132649789649,181.0,230.0,220.5,20
VEGETATED_DUNES,green_median,145.35,25.510627300463582,112.0,206.5,145.5,20
VEGETATED_DUNES,green_q25,130.9625,25.481581970844,90.75,197.75,132.25,20
VEGETATED_DUNES,green_q75,168.65,22.4127548272712,132.0,212.0,167.75,20
VEGETATED_DUNES,green_iqr,37.6875,14.276377940684505,14.25,63.0,37.0,20
VEGETATED_DUNES,green_cv,0.19223193818701864,0.07885945682081233,0.05182366152839726,0.35492607925534925,0.17574262463670276,20
VEGETATED_DUNES,green_range,102.35,27.44424970927905,49.0,150.0,104.5,20
VEGETATED_DUNES,green_skew,0.6565766268716484,0.6222387514326291,-1.0427156199746914,1.9080359368507176,0.7542975392070848,20
VEGETATED_DUNES,green_kurtosis,-0.19932459421316423,1.0162728134639036,-1.5471547187390293,2.470897390846429,-0.5451070158151892,20
VEGETATED_DUNES,blue_mean,131.88687465069455,22.1250569426863,105.72972972972973,196.76666666666668,129.53632478632477,20
VEGETATED_DUNES,blue_std,29.490968637122297,9.860125797994408,14.248235758234149,46.95716796808306,27.611137052164572,20
VEGETATED_DUNES,blue_min,96.0,20.8806130178211,68.0,155.0,95.0,20
VEGETATED_DUNES,blue_max,204.55,17.030854353202603,154.0,221.0,211.0,20
VEGETATED_DUNES,blue_median,122.75,26.49404103805827,91.5,200.0,118.75,20
VEGETATED_DUNES,blue_q25,110.7125,25.48829388170185,75.75,188.75,110.0,20
VEGETATED_DUNES,blue_q75,145.45,26.373656114427998,110.0,208.0,144.0,20
VEGETATED_DUNES,blue_iqr,34.7375,12.564432621700956,16.25,59.0,35.0,20
VEGETATED_DUNES,blue_cv,0.23370607271308957,0.09555020322529205,0.07241183681972001,0.4101503898433523,0.23007390730729047,20
VEGETATED_DUNES,blue_range,108.55,27.65097314362505,61.0,147.0,114.0,20
VEGETATED_DUNES,blue_skew,0.9437819580051011,0.6710019458917191,-0.8491464224692059,2.102071323092781,1.0059182022754583,20
VEGETATED_DUNES,blue_kurtosis,0.3696579345491674,1.5043388234538386,-1.4750363106086208,4.272750883658114,-0.022678354678354884,20
VEGETATED_DUNES,nir_mean,126.47190287823048,14.847156544589533,106.34615384615384,163.65,123.83414634146342,20
VEGETATED_DUNES,nir_std,26.40731790494923,10.791175173246677,11.861693844554539,45.50827215427016,24.92772575291942,20
VEGETATED_DUNES,nir_min,93.6,15.80939094668935,66.0,129.0,90.5,20
VEGETATED_DUNES,nir_max,195.2,24.44671972398665,143.0,225.0,202.5,20
VEGETATED_DUNES,nir_median,118.225,18.308378151172096,94.5,166.5,117.75,20
VEGETATED_DUNES,nir_q25,108.475,15.494884554859421,88.0,145.75,106.625,20
VEGETATED_DUNES,nir_q75,138.3,19.854503665150478,103.0,179.25,135.375,20
VEGETATED_DUNES,nir_iqr,29.825,15.729016933178325,13.25,67.75,24.0,20
VEGETATED_DUNES,nir_cv,0.21303358447577886,0.09536098930658937,0.09972476145731075,0.3869907735326425,0.19809001655699146,20
VEGETATED_DUNES,nir_range,101.6,33.95724866419694,40.0,151.0,105.5,20
VEGETATED_DUNES,nir_skew,1.030444709718105,0.6783461655974798,-0.11627675844275816,2.4112144917461884,1.1202539786006382,20
VEGETATED_DUNES,nir_kurtosis,0.6882573058474396,1.8176853862241489,-1.3848231506246398,4.854327240723845,0.1480269522940889,20
VEGETATED_DUNES,brightness_mean,142.95548767289455,18.481539020060147,123.075,192.6375,141.91377314814815,20
VEGETATED_DUNES,brightness_std,26.897817101424533,9.378038961310006,12.896981639773962,43.71670116714549,25.128218576990115,20
VEGETATED_DUNES,brightness_cv,0.1946104517568045,0.08044982484418053,0.06694948615802877,0.3494016777430285,0.1810441650190162,20
VEGETATED_DUNES,ndvi_mean,-0.12519251408904247,0.024703129014199906,-0.16550094456122094,-0.0810647010555487,-0.11890848250812151,20
VEGETATED_DUNES,ndvi_std,0.0419880133625508,0.01320360391583079,0.025614876068589008,0.07266571797208267,0.03936831171364463,20
VEGETATED_DUNES,ndvi_min,-0.19846173018773774,0.035235653404564034,-0.2862453531597449,-0.1501597444088977,-0.18918730380181892,20
VEGETATED_DUNES,ndvi_max,-0.020012260801455108,0.0371208577348611,-0.08539944903578915,0.052980132450313584,-0.030517521466688718,20
VEGETATED_DUNES,ndwi_mean,0.09282665326576026,0.030609817171112937,0.04610889129342194,0.15684241388987677,0.09906417321561489,20
VEGETATED_DUNES,ndwi_std,0.03532496307305447,0.009524854593812554,0.022191018967178792,0.059844189158054784,0.03430856802663533,20
VEGETATED_DUNES,nir_ratio_mean,0.8852801619576622,0.04339140735023408,0.8064876644092916,0.9460727286981141,0.8747832792865056,20
VEGETATED_DUNES,nir_ratio_std,0.05067322237167876,0.013968622589545227,0.03185837869106638,0.08917418872781353,0.0499581990310587,20
VEGETATED_DUNES,rg_ratio_mean,1.0694435494168393,0.03388804641622038,1.0131474600551234,1.1220867570843598,1.0756103505340753,20
VEGETATED_DUNES,rg_ratio_std,0.04409164941985585,0.01757686140797633,0.01207663826579149,0.0849145038978832,0.041502022457670484,20
VEGETATED_DUNES,blue_red_ratio_mean,0.8060849958142768,0.05635223763113594,0.7302772564849705,0.9523425602438723,0.7935468597936391,20
VEGETATED_DUNES,blue_red_ratio_std,0.05636197008671713,0.02212113705380621,0.020456590285291763,0.09542031536689274,0.049678596866414716,20
VEGETATED_DUNES,n_points,46.15,6.792216908073224,37.0,60.0,42.5,20
VEGETATED_DUNES,length_m,45.15,6.792216908073224,36.0,59.0,41.5,20
VEGETATED_DUNES,variability_mean,26.897817101424533,9.378038961310006,12.896981639773962,43.71670116714549,25.128218576990115,20
VEGETATED_DUNES,nir_d1_mean,1.6166786781503824,1.1873237742822558,-0.514285714285714,3.5349999999999975,1.9486103233125336,20
VEGETATED_DUNES,nir_d1_std,7.125481507720814,2.153226714031416,3.3941008173575606,10.909102867050617,7.403817442552158,20
VEGETATED_DUNES,nir_d1_min,-14.439999999999998,8.380409870798559,-30.74285714285712,-6.471428571428575,-11.328571428571411,20
VEGETATED_DUNES,nir_d1_max,21.422142857142866,8.955225148766019,5.371428571428595,33.34285714285713,24.528571428571418,20
VEGETATED_DUNES,nir_d2_mean,0.21307434640169717,0.3164106486220493,-0.24186046511627582,0.8312500000000018,0.1603750000000001,20
VEGETATED_DUNES,nir_d2_std,4.432438257639818,1.5268805404971815,2.4544478550725595,8.001824466984058,4.036019352627051,20
VEGETATED_DUNES,brightness_d1_mean,1.5059685716329756,1.2546447639870402,-0.7869047619047626,3.3562499999999993,1.7768711018711048,20
VEGETATED_DUNES,brightness_d1_std,7.309567979385913,2.432756656377237,3.058737406605284,11.984631448735128,6.929065953192065,20
VEGETATED_DUNES,corr_red_green,0.9845526251712794,0.009079972726647624,0.9540133617043401,0.9949862209631901,0.9880074451519407,20
VEGETATED_DUNES,corr_red_nir,0.9004707100937045,0.08417396810267364,0.5976615315843037,0.9685555230669647,0.928781237469731,20
VEGETATED_DUNES,corr_green_nir,0.9295589310323168,0.05730473287069755,0.7417240354574811,0.9836264918355512,0.9491564018810621,20
VEGETATED_DUNES,corr_blue_nir,0.9184608989850279,0.06915406429857966,0.6995845499708013,0.9839545546967146,0.9315957859110866,20
BEACH_DRY,red_mean,221.1080949459004,4.606712608202201,214.775,229.075,220.30992196209587,20
BEACH_DRY,red_std,2.204154256722616,1.0753893521275444,0.7588164923983944,4.61383788185064,1.9549132230623028,20
BEACH_DRY,red_min,214.85,6.619548402469128,204.0,226.0,216.0,20
BEACH_DRY,red_max,223.9,4.0897818755373345,218.0,231.0,223.0,20
BEACH_DRY,red_median,221.675,4.39579643702816,216.0,229.0,221.0,20
BEACH_DRY,red_q25,220.1625,4.804243601124673,212.5,229.0,220.0,20
BEACH_DRY,red_q75,222.725,4.336882824285081,217.0,230.0,221.875,20
BEACH_DRY,red_iqr,2.5625,1.479853744551521,1.0,6.0,2.0,20
BEACH_DRY,red_cv,0.010015456601739492,0.005013546773276078,0.00349756654285691,0.02138511185097799,0.008664849125877607,20
BEACH_DRY,red_range,9.05,4.2485291572496005,2.0,17.0,8.5,20
BEACH_DRY,red_skew,-1.0658979094085892,0.7230399204129114,-2.030433663100271,0.8139051982893427,-1.0874465519780623,20
BEACH_DRY,red_kurtosis,1.1612341622843232,1.6346364747602538,-1.3128532204801764,4.012468469888681,0.8431272140474886,20
BEACH_DRY,green_mean,219.6189514448875,4.067488825015642,213.7,226.3,218.7913043478261,20
BEACH_DRY,green_std,2.268321825203473,1.2146312658826162,0.676227735764575,5.135903036467881,2.02844731036097,20
BEACH_DRY,green_min,212.9,6.84336020879863,201.0,223.0,214.0,20
BEACH_DRY,green_max,222.35,3.4682772911664737,218.0,228.0,221.0,20
BEACH_DRY,green_median,220.375,4.0421301054609415,215.0,227.0,219.0,20
BEACH_DRY,green_q25,218.6375,4.282365154419865,211.75,226.0,218.0,20
BEACH_DRY,green_q75,221.2375,3.7831647500889765,216.0,227.0,220.0,20
BEACH_DRY,green_iqr,2.6,1.6209970940588907,1.0,6.0,2.0,20
BEACH_DRY,green_cv,0.010373742250438666,0.005674277944885319,0.003125218045536799,0.023926871821409217,0.00905680692071933,20
BEACH_DRY,green_range,9.45,5.13476284493103,3.0,19.0,8.5,20
BEACH_DRY,green_skew,-1.121854829687329,0.6410180421029892,-2.2977351313098002,0.23372504192373064,-1.161090415560778,20
BEACH_DRY,green_kurtosis,1.2195086616477289,1.7481258045724892,-1.167690030426781,4.848126232741697,0.7280367695332974,20
BEACH_DRY,blue_mean,211.69900522326657,5.776082577103875,203.125,221.31578947368422,213.2,20
BEACH_DRY,blue_std,2.6416614899026256,1.7891715958107164,0.7010658911563956,7.487280881601812,2.0943062485738575,20
BEACH_DRY,blue_min,203.75,8.996344286782037,184.0,214.0,207.0,20
BEACH_DRY,blue_max,214.65,5.668704483946556,207.0,224.0,215.5,20
BEACH_DRY,blue_median,212.55,5.637982095152764,204.5,222.0,213.75,20
BEACH_DRY,blue_q25,210.6,5.585696017507577,201.0,221.0,211.5,20
BEACH_DRY,blue_q75,213.5,5.7691329276453756,206.0,223.0,214.25,20
BEACH_DRY,blue_iqr,2.9,2.2144858022622436,0.5,8.0,2.0,20
BEACH_DRY,blue_cv,0.012542019632705992,0.008718599404902744,0.0033676932950270164,0.036860459724790774,0.009774230016850398,20
BEACH_DRY,blue_range,10.9,7.224956747275377,3.0,26.0,8.5,20
BEACH_DRY,blue_skew,-1.171627613804555,0.7486607610399627,-2.4380642782262685,0.502340675086337,-1.0225757957106343,20
BEACH_DRY,blue_kurtosis,1.460208058723736,1.9937634513510578,-1.256896282093027,5.141697578493673,0.6961363285174307,20
BEACH_DRY,nir_mean,188.3416489118662,7.611743897808789,171.69677419354838,195.56521739130434,191.95114942528735,20
BEACH_DRY,nir_std,7.830569023848854,4.363312294784256,2.5263060428661888,17.9836036433191,6.841434070648711,20
BEACH_DRY,nir_min,165.35,17.005494468120094,134.0,189.0,170.0,20
BEACH_DRY,nir_max,196.95,6.056531924077378,180.0,207.0,198.5,20
BEACH_DRY,nir_median,191.025,7.088677034910192,174.0,199.0,194.5,20
BEACH_DRY,nir_q25,185.6375,8.717977116281046,168.0,195.0,189.125,20
BEACH_DRY,nir_q75,193.6875,6.808892695353783,177.5,202.0,196.375,20
BEACH_DRY,nir_iqr,8.05,5.7751737271659085,2.0,20.0,5.5,20
BEACH_DRY,nir_cv,0.04204452975959324,0.024579391547575085,0.01295580461033883,0.10206358480879056,0.035395236935295345,20
BEACH_DRY,nir_range,31.6,16.55103749331936,10.0,61.0,28.5,20
BEACH_DRY,nir_skew,-1.3419385721626609,0.6538522138673868,-2.3300942454921865,-0.03171824369467961,-1.262992756115148,20
BEACH_DRY,nir_kurtosis,1.6286055768187537,2.043108031731415,-1.3094655430959155,5.668319122367198,1.4554462974003624,20
BEACH_DRY,brightness_mean,210.1919251314802,4.56242916252474,202.43125,215.93421052631578,210.6269927536232,20
BEACH_DRY,brightness_std,3.6629804902479597,2.098572429493612,1.1179787758315791,8.755710190355778,3.0915373946828764,20
BEACH_DRY,brightness_cv,0.01753280460476372,0.01033670678183613,0.0053860433908922796,0.0432527595929554,0.014549896461948618,20
BEACH_DRY,ndvi_mean,-0.08084836513667097,0.016362661635029814,-0.11488321992205054,-0.05942490727901638,-0.07477586656624445,20
BEACH_DRY,ndvi_std,0.01709721999429372,0.010479486626922538,0.0052755251829084415,0.043019516057878585,0.014192145105710118,20
BEACH_DRY,ndvi_min,-0.13277617391030444,0.040258349930956235,-0.20943952802353705,-0.07352941176468786,-0.1245854922279476,20
BEACH_DRY,ndvi_max,-0.0631876217801545,0.014229482192641517,-0.09547738693464938,-0.041666666666657026,-0.06163352432309515,20
BEACH_DRY,ndwi_mean,0.07751071170283816,0.016708456191414377,0.056070702602753306,0.11510227951712192,0.07145760448426079,20
BEACH_DRY,ndwi_std,0.016923866876053247,0.010218375717803704,0.005115362148591914,0.041736376222508094,0.014146187092411014,20
BEACH_DRY,nir_ratio_mean,0.8953273523409095,0.024224319795400653,0.8364587363003925,0.9281532627806349,0.9012749249989944,20
BEACH_DRY,nir_ratio_std,0.02287960523677559,0.013337713050533672,0.007471084476944878,0.05408015161597139,0.01962886062843293,20
BEACH_DRY,rg_ratio_mean,1.0067541533144335,0.0033060371579263013,0.9995583410080671,1.016191028423417,1.0066249051602552,20
BEACH_DRY,rg_ratio_std,0.002874174401492242,0.0005202050956905363,0.0021103703059821483,0.00421734058447852,0.0028233770157183517,20
BEACH_DRY,blue_red_ratio_mean,0.9575065681285986,0.02200643772702803,0.9262182876757677,1.0034332211345975,0.9474505277570014,20
BEACH_DRY,blue_red_ratio_std,0.004854996982083927,0.0034239175061983053,0.0022579336862568896,0.015990029790701424,0.00344757433088691,20
BEACH_DRY,n_points,41.05,27.5250603517671,23.0,155.0,36.5,20
BEACH_DRY,length_m,40.05,27.525060351767102,22.0,154.00000000000003,35.5,20
BEACH_DRY,variability_mean,3.6629804902479597,2.098572429493612,1.1179787758315791,8.755710190355778,3.0915373946828764,20
BEACH_DRY,nir_d1_mean,-0.18215396044328952,0.634387541994549,-1.3179487179487221,0.9275862068965475,-0.25116279069767133,20
BEACH_DRY,nir_d1_std,2.531374110996595,1.0795618475215836,0.8805705268121115,5.10611596018429,2.2540124427415753,20
BEACH_DRY,nir_d1_min,-6.049285714285696,3.414128335001849,-13.199999999999989,-1.5428571428571445,-5.714285714285651,20
BEACH_DRY,nir_d1_max,5.731428571428556,3.9822959443246724,1.3142857142857167,19.68571428571427,5.092857142857127,20
BEACH_DRY,nir_d2_mean,-0.19889115877495617,0.1517300930858416,-0.505128205128205,0.09500000000000312,-0.20543478260869358,20
BEACH_DRY,nir_d2_std,1.4300574493835196,0.8490079410800399,0.5659584409796324,4.1867861669664475,1.1914426160547538,20
BEACH_DRY,brightness_d1_mean,-0.10424635825622601,0.28769707095555813,-0.6191860465116282,0.38534482758620386,-0.09136363636363604,20
BEACH_DRY,brightness_d1_std,1.180300056161414,0.5545430389650919,0.34163004917132345,2.252488505169555,0.9790966389597474,20
BEACH_DRY,corr_red_green,0.9241958972539013,0.08708761957126014,0.6512099715734659,0.9901366569081296,0.9620104620964831,20
BEACH_DRY,corr_red_nir,0.9150598973567439,0.09618910181178142,0.6708173307234601,0.9891720551642441,0.9514060921255516,20
BEACH_DRY,corr_green_nir,0.9180365181736393,0.07245430290317502,0.7730454843041841,0.9900711968564316,0.9490085277285467,20
BEACH_DRY,corr_blue_nir,0.8879977184462415,0.09377801563187586,0.6544923896591712,0.982000054956187,0.9293955856177227,20
BEACH_WET,red_mean,188.6772095959596,11.83226791675366,167.9,203.4090909090909,194.0,16
BEACH_WET,red_std,7.406505506247136,3.1331476625263255,2.7261875880856214,11.57540496051866,7.371324383542789,16
BEACH_WET,red_min,177.0,11.177358065899712,157.0,197.0,177.0,16
BEACH_WET,red_max,200.0,11.331372379372237,179.0,214.0,203.5,16
BEACH_WET,red_median,189.4375,13.32650867006559,165.5,207.0,194.5,16
BEACH_WET,red_q25,182.90625,12.419364919350746,158.75,198.25,185.625,16
BEACH_WET,red_q75,193.65625,13.129126335492904,169.0,208.75,198.375,16
BEACH_WET,red_iqr,10.75,5.816642788871716,3.0,21.5,10.75,16
BEACH_WET,red_cv,0.03936895022127033,0.016674452940526194,0.013570624055729194,0.06805058765733014,0.03774859763678533,16
BEACH_WET,red_range,23.0,9.791152468768253,8.0,37.0,21.0,16
BEACH_WET,red_skew,-0.12325313184573734,0.6437236268345198,-1.0194186870020523,1.4772126463530515,-0.27154541788363945,16
BEACH_WET,red_kurtosis,-0.8521226764215778,0.674544661793101,-1.640828402366864,0.9605904418761297,-0.8955749919898559,16
BEACH_WET,green_mean,180.3616863536683,14.209407518527144,151.9,197.54545454545453,185.87847222222223,16
BEACH_WET,green_std,9.211030725421173,3.557666994902447,2.4698178070456938,14.965293181224348,8.519477169301567,16
BEACH_WET,green_min,166.625,11.94361754243663,146.0,186.0,169.0,16
BEACH_WET,green_max,194.1875,13.977213599283658,167.0,208.0,199.5,16
BEACH_WET,green_median,181.5625,16.433578429544795,148.0,202.0,186.75,16
BEACH_WET,green_q25,173.078125,14.074716915448068,146.25,192.0,174.5,16
BEACH_WET,green_q75,186.453125,16.724786682745265,153.25,204.75,192.875,16
BEACH_WET,green_iqr,13.375,7.37563556583431,3.0,26.75,12.5,16
BEACH_WET,green_cv,0.05097921399712191,0.019096369648133854,0.01534048327356621,0.07802551189372547,0.05123213926315165,16
BEACH_WET,green_range,27.5625,10.96034518921127,10.0,46.0,24.0,16
BEACH_WET,green_skew,-0.04081439187374771,0.7381126682490667,-1.0001458811270239,1.3270711896969363,-0.27155425061952226,16
BEACH_WET,green_kurtosis,-0.8438290298154075,0.707358637257856,-1.6621545522106524,0.34733390649774876,-1.249030509954037,16
BEACH_WET,blue_mean,157.18456813197767,19.060958334059702,123.7,178.54545454545453,163.88484848484848,16
BEACH_WET,blue_std,12.605577410975659,5.424977926314882,2.727636339397171,20.90328921485803,11.398319903038505,16
BEACH_WET,blue_min,138.0625,16.417343471666378,110.0,160.0,137.0,16
BEACH_WET,blue_max,175.5,20.172588662175546,138.0,200.0,181.5,16
BEACH_WET,blue_median,159.625,21.526340453809915,120.0,186.0,165.0,16
BEACH_WET,blue_q25,146.203125,18.469167719472363,114.75,173.0,148.625,16
BEACH_WET,blue_q75,166.28125,22.589244306380266,126.75,193.5,173.25,16
BEACH_WET,blue_iqr,20.078125,11.43012057023022,3.5,39.5,15.0,16
BEACH_WET,blue_cv,0.0797609263474625,0.03294264837408779,0.02060148292594495,0.122924370566573,0.07734064522998871,16
BEACH_WET,blue_range,37.4375,16.366505430298798,10.0,61.0,35.5,16
BEACH_WET,blue_skew,-0.09719479074703982,0.6505195417419042,-1.0492469789217016,1.2685019303412366,-0.2959197409435042,16
BEACH_WET,blue_kurtosis,-1.0069174431432022,0.6301850975608372,-1.78573580977427,0.45828492140472754,-1.2283579479218993,16
BEACH_WET,nir_mean,95.82107049109516,16.876230133419725,60.8,119.2,100.91666666666667,16
BEACH_WET,nir_std,14.850216637844069,9.460853680965702,4.963869458396342,32.74421466076107,11.13177994933103,16
BEACH_WET,nir_min,71.0,23.48616614094348,25.0,110.0,76.0,16
BEACH_WET,nir_max,118.4375,20.848561101428558,77.0,154.0,118.0,16
BEACH_WET,nir_median,97.96875,17.979125627608628,60.5,117.0,101.0,16
BEACH_WET,nir_q25,84.671875,20.5867511501127,33.0,113.0,89.75,16
BEACH_WET,nir_q75,106.171875,18.02121868566792,69.25,132.5,110.25,16
BEACH_WET,nir_iqr,21.5,17.06287392752659,2.0,51.25,14.5,16
BEACH_WET,nir_cv,0.16238879342289425,0.11762532248785801,0.04510095641084425,0.4587194346614823,0.14006448906245514,16
BEACH_WET,nir_range,47.4375,30.776546806510527,14.0,109.0,38.5,16
BEACH_WET,nir_skew,-0.13204459527296797,0.6402896430869801,-1.1165719497335775,1.4828297628936036,-0.22231758078630762,16
BEACH_WET,nir_kurtosis,-0.8445167597414633,0.6048131531872809,-1.515219097085951,0.6935874049675896,-1.0942636752727597,16
BEACH_WET,brightness_mean,155.51113364317519,14.78281811392696,128.9375,172.23863636363637,159.83072916666669,16
BEACH_WET,brightness_std,10.813913413662897,5.089322239229207,4.217874909240434,18.36856153144211,8.728173906975572,16
BEACH_WET,brightness_cv,0.06948398768634498,0.03246277248011598,0.03099053775710426,0.1252068645232227,0.05645563797870652,16
BEACH_WET,ndvi_mean,-0.3376028352373428,0.06617513167301817,-0.49897248062349087,-0.24627053831780396,-0.32736562582908746,16
BEACH_WET,ndvi_std,0.05741122121595706,0.045959481383506105,0.012583818943629812,0.15584966288653843,0.04872618426743812,16
BEACH_WET,ndvi_min,-0.4466759930311294,0.13027362712808166,-0.7267759562837559,-0.28338762214974483,-0.38872010342582974,16
BEACH_WET,ndvi_max,-0.26110053883480566,0.06137650046319405,-0.3984374999998444,-0.15151515151510977,-0.2593157633776231,16
BEACH_WET,ndwi_mean,0.3172886927794969,0.06285156567273904,0.23438746448039474,0.4744767867046725,0.30131984400424416,16
BEACH_WET,ndwi_std,0.05423982516011645,0.04787479776238943,0.0063361682351032594,0.1616864707571538,0.04618667444699877,16
BEACH_WET,nir_ratio_mean,0.6070333943158512,0.06499551389209975,0.45321752440415103,0.6940457355684492,0.622577777748957,16
BEACH_WET,nir_ratio_std,0.05769250480746807,0.048325199935375686,0.010605043048673738,0.15966395400899283,0.05220843051476956,16
BEACH_WET,rg_ratio_mean,1.048347290558032,0.025432207989250444,1.0134017023654651,1.106181555943125,1.037686506776402,16
BEACH_WET,rg_ratio_std,0.017793140130438184,0.005454140513273139,0.007319182079915984,0.02731942801241033,0.017788584997402424,16
BEACH_WET,blue_red_ratio_mean,0.8297258640264275,0.066849646339067,0.7354079817392056,0.952448334370377,0.8392813821033678,16
BEACH_WET,blue_red_ratio_std,0.037279628220086486,0.01670570803497276,0.014069136396956132,0.06308509488667827,0.039537737494872265,16
BEACH_WET,n_points,14.1875,6.079679267856159,3.0,22.0,15.0,16
BEACH_WET,length_m,13.1875,6.07967926785616,2.0,21.0,14.0,16
BEACH_WET,variability_mean,11.307361010772881,5.238473901607705,4.217874909240434,18.36856153144211,11.349041311055185,16
BEACH_WET,nir_d1_mean,-2.189336656034022,1.3988952807120583,-4.313636363636359,0.47999999999999954,-2.2199999999999926,16
BEACH_WET,nir_d1_std,5.143534546047804,3.6146251605685995,0.5463235193135013,15.609733330837644,4.532634447296647,16
BEACH_WET,nir_d1_min,-11.666666666666664,8.73039605944159,-39.057142857142836,-4.14285714285711,-9.71428571428575,16
BEACH_WET,nir_d1_max,5.6504761904761915,4.95509534455834,-2.857142857142861,14.07142857142857,5.157142857142851,16
BEACH_WET,nir_d2_mean,0.2408259790891408,0.6094445165684078,-1.0233333333333328,0.9111111111111252,0.32916666666666927,16
BEACH_WET,nir_d2_std,2.857228031492889,2.5031436476856443,0.0896421457000859,10.89399213446798,2.8170519548271122,16
BEACH_WET,brightness_d1_mean,-1.6798991560340244,1.1455582560186843,-4.025,0.20749999999999885,-1.9524999999999886,16
BEACH_WET,brightness_d1_std,3.612980092679219,1.8971773948730646,1.0451967396092476,8.13050566667494,3.0682378023641115,16
BEACH_WET,corr_red_green,0.9570772110244603,0.06721242891626791,0.7272006117795882,0.9974284795449344,0.9781092664947132,16
BEACH_WET,corr_red_nir,0.9454493695105131,0.04101156234541085,0.8579857724725285,0.991897977067613,0.9559608169398807,16
BEACH_WET,corr_green_nir,0.9196281588996641,0.11228983175619323,0.5622177233738432,0.9847865375982776,0.9567282811308424,16
BEACH_WET,corr_blue_nir,0.8904475704400678,0.14086008141496323,0.41747915790553286,0.9768643152165546,0.936356695463252,16
WATER,red_mean,125.10538238483983,17.71957282572015,98.66666666666667,172.04705882352943,122.1829044117647,20
WATER,red_std,39.667553293051206,8.38868432155292,20.573624016937597,55.358673211381415,41.58829879994644,20
WATER,red_min,74.95,17.56034707725574,51.0,115.0,70.0,20
WATER,red_max,223.05,7.408920654397501,211.0,245.0,224.0,20
WATER,red_median,112.975,23.529642558852622,80.5,174.5,107.5,20
WATER,red_q25,92.8625,24.470239040193505,67.0,150.75,86.125,20
WATER,red_q75,152.325,20.55578097711073,108.0,193.0,149.625,20
WATER,red_iqr,59.4625,22.07318494058011,12.25,109.0,60.25,20
WATER,red_cv,0.3265869683959773,0.08812523873275961,0.14195904953331215,0.4781292441305509,0.3471884690218524,20
WATER,red_range,148.1,21.21047407594455,101.0,177.0,153.5,20
WATER,red_skew,0.7301415670780053,0.43597060606478405,-0.2779184080580244,1.5556573967630314,0.698390817499714,20
WATER,red_kurtosis,-0.3218731811712477,0.8630387175407482,-1.2941683604142094,1.8818931882149759,-0.5151848465169078,20
WATER,green_mean,148.3850245470424,14.262170228879574,129.24,191.13529411764705,144.6505289582213,20
WATER,green_std,30.848344638067477,7.456827170739048,15.429133679178666,45.74357401668586,31.529251553321892,20
WATER,green_min,106.5,18.001461928936422,80.0,154.0,103.0,20
WATER,green_max,227.6,8.74432146565626,213.0,253.0,226.0,20
WATER,green_median,141.5,17.01933884546759,124.0,194.0,136.75,20
WATER,green_q25,123.725,20.15171078018988,99.5,180.0,118.375,20
WATER,green_q75,167.7375,16.282957469310308,140.0,202.0,166.375,20
WATER,green_iqr,44.0125,19.574835315567253,9.25,90.0,45.25,20
WATER,green_cv,0.21201481906940747,0.05997488089668509,0.08072362433321026,0.32851750653961903,0.22561476643426098,20
WATER,green_range,121.1,21.302087864066777,69.0,153.0,126.5,20
WATER,green_skew,0.7594415396493182,0.49213657200752264,-0.42260243765067623,1.7550490779744272,0.7433109251581584,20
WATER,green_kurtosis,-0.1591666962402066,0.9569823622574167,-1.1831761698885928,2.3046989201802868,-0.46369011441701047,20
WATER,blue_mean,129.5769844266253,17.510198881573388,103.88571428571429,181.9,124.71181582840237,20
WATER,blue_std,35.37519101702558,8.127532240989575,20.200364003709264,52.78148588781158,35.77953058365637,20
WATER,blue_min,88.25,20.099423924711452,60.0,138.0,82.5,20
WATER,blue_max,225.75,8.527818256185244,215.0,251.0,226.0,20
WATER,blue_median,118.125,21.33928610752823,94.0,186.0,111.5,20
WATER,blue_q25,102.85,22.230017638556344,76.0,164.25,97.5,20
WATER,blue_q75,147.225,21.307105931071323,116.0,196.0,142.125,20
WATER,blue_iqr,44.375,21.236683133820964,9.5,102.0,43.5,20
WATER,blue_cv,0.28102545257041,0.08140226732642007,0.11105202860746652,0.4415629048056393,0.2837271647565046,20
WATER,blue_range,137.5,21.74372262709885,85.0,173.0,144.0,20
WATER,blue_skew,1.1035428411503263,0.4880173437559798,-0.1884556097733591,2.1825430447791137,1.139304265959772,20
WATER,blue_kurtosis,0.40868259695020426,1.1786142968029112,-1.102703472637454,3.773412174524995,0.3504922147919427,20
WATER,nir_mean,24.336499063755433,6.690919529935852,15.537142857142857,43.96470588235294,22.079829545454544,20
WATER,nir_std,19.04031453839358,5.240604086726663,12.964899552567434,29.775421421783637,18.46259332620789,20
WATER,nir_min,10.05,4.186129980127984,6.0,21.0,9.0,20
WATER,nir_max,116.45,22.850716906869568,87.0,175.0,110.0,20
WATER,nir_median,16.55,7.985018867591327,10.0,42.0,13.5,20
WATER,nir_q25,13.6125,6.015591037156349,9.0,31.25,11.5,20
WATER,nir_q75,25.925,9.507649275022827,16.0,50.0,22.125,20
WATER,nir_iqr,12.3125,7.01027206844957,3.0,32.0,10.25,20
WATER,nir_cv,0.8135342435453561,0.22114243176709852,0.38180993985644046,1.1384964305216818,0.8097347515106247,20
WATER,nir_range,106.4,24.26910533341125,76.0,168.0,98.5,20
WATER,nir_skew,2.5225486642779584,0.599741674548024,1.4981459924598688,3.9036833195440326,2.554024682588156,20
WATER,nir_kurtosis,7.481886664734361,4.309076135292078,2.270015466170446,18.814714349457752,6.996306048177586,20
WATER,brightness_mean,106.85097260556572,13.497507063546374,89.32142857142857,147.26176470588234,102.63725490196079,20
WATER,brightness_std,30.52073853626993,6.788175758361,18.391475677475032,45.2073496547842,31.039780838119974,20
WATER,brightness_cv,0.29231867294289315,0.07804252138391797,0.13007315966499067,0.44897151155844384,0.30720318224193244,20
WATER,ndvi_mean,-0.7095606673229311,0.04619690000661341,-0.7709955521298361,-0.6043706242823347,-0.7088923250974866,20
WATER,ndvi_std,0.09088870684700814,0.02606615810114649,0.06021736137271417,0.14776318251344378,0.0875737879886807,20
WATER,ndvi_min,-0.809280702049918,0.04740700146763916,-0.8709677419345473,-0.7218543046352836,-0.8238795518201448,20
WATER,ndvi_max,-0.31713769107771583,0.07177641357328862,-0.41610738255019597,-0.166666666666627,-0.33119594944183894,20
WATER,ndwi_mean,0.7501642808347035,0.04789648510695491,0.6367302381728748,0.8055653526668938,0.7606159290420269,20
WATER,ndwi_std,0.10188116560161142,0.027214245981435008,0.06932825000332463,0.15828190592394678,0.0966637749439575,20
WATER,nir_ratio_mean,0.20246204486908387,0.0373923649855469,0.1580004448569075,0.2904732157028528,0.19817187686776178,20
WATER,nir_ratio_std,0.08395696099628949,0.024090787082603513,0.058427659161452386,0.13454343051076298,0.0787205761377363,20
WATER,rg_ratio_mean,0.8225119822771398,0.05690793007263984,0.7007697723484088,0.9421233221334764,0.8210940695838829,20
WATER,rg_ratio_std,0.09845780449151142,0.024275044332262904,0.049987986452964296,0.13978894536248515,0.09660827559793186,20
WATER,blue_red_ratio_mean,1.0621069514611918,0.09097314867969093,0.9178146927883308,1.298470390120586,1.058705440892115,20
WATER,blue_red_ratio_std,0.10963805718723993,0.039745244782537784,0.06603508080530994,0.21311007308096966,0.09881917425476316,20
WATER,n_points,156.8,31.33284807388331,68.0,180.0,166.5,20
WATER,length_m,155.8,31.33284807388331,66.99999999999997,179.0,165.5,20
WATER,variability_mean,30.52073853626993,6.788175758361,18.391475677475032,45.2073496547842,31.039780838119974,20
WATER,nir_d1_mean,-0.10684143795148646,0.10106176545718186,-0.38882352941176435,0.07647058823529414,-0.06936090225563932,20
WATER,nir_d1_std,6.275193599331126,1.8355375260164921,3.621148820559386,9.529702006272533,5.947689825294175,20
WATER,nir_d1_min,-29.743571428571425,9.467713778365088,-54.60000000000004,-17.02857142857142,-29.37857142857142,20
WATER,nir_d1_max,28.813571428571418,11.568675505597563,10.542857142857141,54.8142857142857,24.864285714285707,20
WATER,nir_d2_mean,-0.010284828569213967,0.09561290218039642,-0.36331360946745467,0.10099999999999985,0.005227272727272834,20
WATER,nir_d2_std,4.238999999815436,1.2934967421803447,1.991341158064249,6.431692798532953,4.072583176219311,20
WATER,brightness_d1_mean,-0.27113395586937805,0.15058569725572712,-0.5862499999999999,0.08032544378697962,-0.26360321969696954,20
WATER,brightness_d1_std,7.109654961129138,1.2479181673429842,5.1811003891016325,9.1234882385695,6.716234488176283,20
WATER,corr_red_green,0.9783085498754369,0.013113704445119218,0.9345670240435853,0.9925271991562042,0.9820006764876019,20
WATER,corr_red_nir,0.8616315230151168,0.03834989591104859,0.7529917199142675,0.9297029385556578,0.8670794619725775,20
WATER,corr_green_nir,0.8664452232455847,0.0386956655825176,0.7500582491991407,0.9360017854226579,0.8693062502678415,20
WATER,corr_blue_nir,0.8992771630608767,0.039464934173315036,0.7778291307601621,0.9550942654411391,0.9015819350009201,20
